{
	"appId": "com.rekalcula.app",
	"appName": "reKalcula",
	"webDir": "out",
	"server": {
		"url": "https://rekalcula-99qi.vercel.app",
		"cleartext": false,
		"androidScheme": "https"
	},
	"plugins": {
		"Camera": {
			"permissions": [
				"camera",
				"photos"
			]
		},
		"PushNotifications": {
			"presentationOptions": [
				"badge",
				"sound",
				"alert"
			]
		},
		"Filesystem": {
			"directory": "Documents"
		},
		"SplashScreen": {
			"launchShowDuration": 2000,
			"launchAutoHide": true,
			"backgroundColor": "#262626",
			"androidSplashResourceName": "splash",
			"androidScaleType": "CENTER_CROP",
			"showSpinner": true,
			"spinnerStyle": "large",
			"spinnerColor": "#3B82F6",
			"splashFullScreen": true,
			"splashImmersive": true
		},
		"StatusBar": {
			"style": "DARK",
			"backgroundColor": "#262626"
		}
	},
	"android": {
		"allowMixedContent": false,
		"webContentsDebuggingEnabled": false
	},
	"ios": {
		"contentInset": "automatic",
		"scrollEnabled": true
	}
}
